{
  "99995 99997 99999": {
    "20210630_1609": {
      "time": 0.2340712547302246,
      "moves": 18
    },
    "20210629_1316": {
      "time": 0.08282637596130371,
      "moves": 18
    },
    "20210629_1103": {
      "time": 0.08650684356689453,
      "moves": 18
    },
    "20210629_1437": "incorrect",
    "20210630_1608": {
      "time": 0.0014314651489257812,
      "moves": 35
    }
  },
  "23152 42414 89111": {
    "20210630_1609": {
      "time": 0.131239652633667,
      "moves": 15
    },
    "20210629_1316": {
      "time": 0.0986928939819336,
      "moves": 15
    },
    "20210629_1103": {
      "time": 0.1267242431640625,
      "moves": 15
    },
    "20210629_1437": "incorrect",
    "20210630_1608": {
      "time": 0.0012388229370117188,
      "moves": 55
    }
  },
  "72 101 103": {
    "20210630_1609": {
      "time": 0.0030336380004882812,
      "moves": 6
    },
    "20210629_1316": {
      "time": 0.03412771224975586,
      "moves": 6
    },
    "20210629_1103": {
      "time": 0.001100778579711914,
      "moves": 6
    },
    "20210629_1437": {
      "time": 0.0009770393371582031,
      "moves": 126
    },
    "20210630_1608": {
      "time": 0.0010242462158203125,
      "moves": 12
    }
  },
  "15678 23144 99001": {
    "20210630_1609": {
      "time": 0.5490703582763672,
      "moves": 17
    },
    "20210629_1316": {
      "time": 0.2960207462310791,
      "moves": 17
    },
    "20210629_1103": {
      "time": 0.7654404640197754,
      "moves": 17
    },
    "20210629_1437": "incorrect",
    "20210630_1608": {
      "time": 0.0010700225830078125,
      "moves": 81
    }
  },
  "1 1024 2048": {
    "20210630_1609": {
      "time": 0.00393223762512207,
      "moves": 11
    },
    "20210629_1316": {
      "time": 0.03305482864379883,
      "moves": 11
    },
    "20210629_1103": {
      "time": 0.0017604827880859375,
      "moves": 11
    },
    "20210629_1437": {
      "time": 0.0029807090759277344,
      "moves": 6181
    },
    "20210630_1608": {
      "time": 0.0009179115295410156,
      "moves": 11
    }
  },
  "22222 33322 99031": {
    "20210630_1609": {
      "time": 0.7648410797119141,
      "moves": 17
    },
    "20210629_1316": {
      "time": 0.39968228340148926,
      "moves": 17
    },
    "20210629_1103": {
      "time": 0.9838309288024902,
      "moves": 17
    },
    "20210629_1437": "incorrect",
    "20210630_1608": {
      "time": 0.001123666763305664,
      "moves": 74
    }
  },
  "1 2 3": {
    "20210630_1609": {
      "time": 0.002849102020263672,
      "moves": 2
    },
    "20210629_1316": {
      "time": 0.033182382583618164,
      "moves": 2
    },
    "20210629_1103": {
      "time": 0.001458883285522461,
      "moves": 2
    },
    "20210629_1437": {
      "time": 0.0010886192321777344,
      "moves": 4
    },
    "20210630_1608": {
      "time": 0.0010039806365966797,
      "moves": 2
    }
  },
  "1 2 4": {
    "20210630_1609": {
      "time": 0.0027234554290771484,
      "moves": 2
    },
    "20210629_1316": {
      "time": 0.03330397605895996,
      "moves": 2
    },
    "20210629_1103": {
      "time": 0.0010535717010498047,
      "moves": 2
    },
    "20210629_1437": {
      "time": 0.0009508132934570312,
      "moves": 3
    },
    "20210630_1608": {
      "time": 0.0010828971862792969,
      "moves": 2
    }
  },
  "56473 59219 99971": {
    "20210630_1609": {
      "time": 0.4292786121368408,
      "moves": 16
    },
    "20210629_1316": {
      "time": 0.22125959396362305,
      "moves": 16
    },
    "20210629_1103": {
      "time": 0.48093223571777344,
      "moves": 16
    },
    "20210629_1437": "incorrect",
    "20210630_1608": {
      "time": 0.0013310909271240234,
      "moves": 106
    }
  },
  "22222 33333 88888": {
    "20210630_1609": {
      "time": 0.002893209457397461,
      "moves": 3
    },
    "20210629_1316": {
      "time": 0.03419947624206543,
      "moves": 3
    },
    "20210629_1103": {
      "time": 0.0010724067687988281,
      "moves": 3
    },
    "20210629_1437": {
      "time": 0.001180410385131836,
      "moves": 10
    },
    "20210630_1608": {
      "time": 0.0009551048278808594,
      "moves": 4
    }
  },
  "12453 24906 37359": {
    "20210630_1609": {
      "time": 0.0025589466094970703,
      "moves": 2
    },
    "20210629_1316": {
      "time": 0.03375744819641113,
      "moves": 2
    },
    "20210629_1103": {
      "time": 0.0009860992431640625,
      "moves": 2
    },
    "20210629_1437": {
      "time": 0.0012624263763427734,
      "moves": 4
    },
    "20210630_1608": {
      "time": 0.0008981227874755859,
      "moves": 2
    }
  }
}