{
  "1 2 3": {
    "20210629_1103": {
      "time": 0.004022836685180664,
      "moves": 2
    },
    "20210629_1316": {
      "time": 0.07567954063415527,
      "moves": 2
    },
    "20210629_1437": {
      "time": 0.0026056766510009766,
      "moves": 4
    }
  },
  "2 4 6": {
    "20210629_1103": {
      "time": 0.0024619102478027344,
      "moves": 2
    },
    "20210629_1316": {
      "time": 0.06556034088134766,
      "moves": 2
    },
    "20210629_1437": {
      "time": 0.0036270618438720703,
      "moves": 4
    }
  },
  "1 2 4": {
    "20210629_1103": {
      "time": 0.0037746429443359375,
      "moves": 2
    },
    "20210629_1316": {
      "time": 0.06750059127807617,
      "moves": 2
    },
    "20210629_1437": {
      "time": 0.0016636848449707031,
      "moves": 3
    }
  },
  "72 101 103": {
    "20210629_1103": {
      "time": 0.00407719612121582,
      "moves": 6
    },
    "20210629_1316": {
      "time": 0.06533575057983398,
      "moves": 6
    },
    "20210629_1437": {
      "time": 0.003885030746459961,
      "moves": 126
    }
  },
  "1 1024 2048": {
    "20210629_1103": {
      "time": 0.007979869842529297,
      "moves": 11
    },
    "20210629_1316": {
      "time": 0.06503748893737793,
      "moves": 11
    },
    "20210629_1437": {
      "time": 0.005623340606689453,
      "moves": 6181
    }
  },
  "1000 2000 3000": {
    "20210629_1103": {
      "time": 0.003793001174926758,
      "moves": 2
    },
    "20210629_1316": {
      "time": 0.07726645469665527,
      "moves": 2
    },
    "20210629_1437": {
      "time": 0.002025127410888672,
      "moves": 4
    }
  },
  "15678 23144 99001": {
    "20210629_1103": {
      "time": 0.8964741230010986,
      "moves": 17
    },
    "20210629_1316": {
      "time": 0.4331395626068115,
      "moves": 17
    },
    "20210629_1437": "incorrect"
  },
  "56473 59219 99971": {
    "20210629_1103": {
      "time": 0.578331470489502,
      "moves": 16
    },
    "20210629_1316": {
      "time": 0.33723902702331543,
      "moves": 16
    },
    "20210629_1437": "incorrect"
  },
  "99995 99997 99999": {
    "20210629_1103": {
      "time": 0.15539884567260742,
      "moves": 18
    },
    "20210629_1316": {
      "time": 0.1387794017791748,
      "moves": 18
    },
    "20210629_1437": "incorrect"
  },
  "22222 33322 99031": {
    "20210629_1103": {
      "time": 1.1259641647338867,
      "moves": 17
    },
    "20210629_1316": {
      "time": 0.5863046646118164,
      "moves": 17
    },
    "20210629_1437": "incorrect"
  }
}