{
  "solutions": {
    "s210629_1103": "solutions/mnk/s210629_1103.cpp",
    "s210629_1316": "solutions/mnk/s210629_1316.cpp",
    "s210629_1437": "solutions/mnk/s210629_1437.cpp",
    "s210630_1154": "solutions/mnk/s210630_1154.py",
    "s210630_1608": "solutions/mnk/s210630_1608.cpp",
    "s210630_1609": "solutions/mnk/s210630_1609.cpp",
    "s210630_2051": "solutions/mnk/s210630_2051.cpp",
    "s210701_1005": "solutions/mnk/s210701_1005.java",
    "s210702_0746": "solutions/mnk/s210702_0746.nim",
    "s210702_1740": "solutions/mnk/s210702_1740.cpp"
  },
  "report": {
    "1 2 3": {
      "s210629_1103": {
        "time": 0.004413604736328125,
        "moves": 2
      },
      "s210629_1316": {
        "time": 0.07024335861206055,
        "moves": 2
      },
      "s210629_1437": {
        "time": 0.004091024398803711,
        "moves": 4
      },
      "s210630_1154": {
        "time": 0.018019489288330078,
        "moves": 2
      },
      "s210630_1608": {
        "time": 0.003988504409790039,
        "moves": 2
      },
      "s210630_1609": {
        "time": 0.013587713241577148,
        "moves": 2
      },
      "s210630_2051": {
        "time": 0.004598379135131836,
        "moves": 2
      },
      "s210701_1005": {
        "time": 0.10709857940673828,
        "moves": 2
      },
      "s210702_0746": {
        "time": 0.001407623291015625,
        "moves": 2
      },
      "s210702_1740": {
        "time": 0.003690958023071289,
        "moves": 2
      }
    },
    "12453 24906 37359": {
      "s210629_1103": {
        "time": 0.002041339874267578,
        "moves": 2
      },
      "s210629_1316": {
        "time": 0.06991696357727051,
        "moves": 2
      },
      "s210629_1437": {
        "time": 0.00228118896484375,
        "moves": 4
      },
      "s210630_1154": {
        "time": 0.018113903045654297,
        "moves": 2
      },
      "s210630_1608": {
        "time": 0.0041658878326416016,
        "moves": 2
      },
      "s210630_1609": {
        "time": 0.010285139083862305,
        "moves": 2
      },
      "s210630_2051": {
        "time": 0.002834320068359375,
        "moves": 2
      },
      "s210701_1005": {
        "time": 0.09220123291015625,
        "moves": 2
      },
      "s210702_0746": {
        "time": 0.002244234085083008,
        "moves": 2
      },
      "s210702_1740": {
        "time": 0.004202127456665039,
        "moves": 2
      }
    },
    "1 2 4": {
      "s210629_1103": {
        "time": 0.0043752193450927734,
        "moves": 2
      },
      "s210629_1316": {
        "time": 0.07619237899780273,
        "moves": 2
      },
      "s210629_1437": {
        "time": 0.004321098327636719,
        "moves": 3
      },
      "s210630_1154": "incorrect",
      "s210630_1608": {
        "time": 0.0029952526092529297,
        "moves": 2
      },
      "s210630_1609": {
        "time": 0.012449264526367188,
        "moves": 2
      },
      "s210630_2051": {
        "time": 0.001886606216430664,
        "moves": 2
      },
      "s210701_1005": {
        "time": 0.09640884399414062,
        "moves": 2
      },
      "s210702_0746": {
        "time": 0.0012040138244628906,
        "moves": 2
      },
      "s210702_1740": {
        "time": 0.002738475799560547,
        "moves": 2
      }
    },
    "72 101 103": {
      "s210629_1103": {
        "time": 0.004587411880493164,
        "moves": 6
      },
      "s210629_1316": {
        "time": 0.06759786605834961,
        "moves": 6
      },
      "s210629_1437": {
        "time": 0.002454519271850586,
        "moves": 126
      },
      "s210630_1154": "incorrect",
      "s210630_1608": {
        "time": 0.0024564266204833984,
        "moves": 12
      },
      "s210630_1609": {
        "time": 0.005880594253540039,
        "moves": 6
      },
      "s210630_2051": {
        "time": 0.001745462417602539,
        "moves": 6
      },
      "s210701_1005": {
        "time": 0.11349368095397949,
        "moves": 6
      },
      "s210702_0746": {
        "time": 0.0013353824615478516,
        "moves": 6
      },
      "s210702_1740": {
        "time": 0.002628803253173828,
        "moves": 6
      }
    },
    "1 1024 2048": {
      "s210629_1103": {
        "time": 0.0032896995544433594,
        "moves": 11
      },
      "s210629_1316": {
        "time": 0.06959176063537598,
        "moves": 11
      },
      "s210629_1437": {
        "time": 0.005583763122558594,
        "moves": 6181
      },
      "s210630_1154": "incorrect",
      "s210630_1608": {
        "time": 0.0029954910278320312,
        "moves": 11
      },
      "s210630_1609": {
        "time": 0.012430429458618164,
        "moves": 11
      },
      "s210630_2051": {
        "time": 0.009948015213012695,
        "moves": 11
      },
      "s210701_1005": {
        "time": 0.35837221145629883,
        "moves": 11
      },
      "s210702_0746": {
        "time": 0.004915952682495117,
        "moves": 11
      },
      "s210702_1740": {
        "time": 0.0025823116302490234,
        "moves": 11
      }
    },
    "22222 33333 88888": {
      "s210629_1103": {
        "time": 0.004473447799682617,
        "moves": 3
      },
      "s210629_1316": {
        "time": 0.07132983207702637,
        "moves": 3
      },
      "s210629_1437": {
        "time": 0.001962900161743164,
        "moves": 10
      },
      "s210630_1154": "incorrect",
      "s210630_1608": {
        "time": 0.0016999244689941406,
        "moves": 4
      },
      "s210630_1609": {
        "time": 0.005458831787109375,
        "moves": 3
      },
      "s210630_2051": {
        "time": 0.0020644664764404297,
        "moves": 3
      },
      "s210701_1005": {
        "time": 0.09606719017028809,
        "moves": 3
      },
      "s210702_0746": {
        "time": 0.0013480186462402344,
        "moves": 3
      },
      "s210702_1740": {
        "time": 0.002561330795288086,
        "moves": 3
      }
    },
    "15678 23144 99001": {
      "s210629_1103": {
        "time": 0.895334005355835,
        "moves": 17
      },
      "s210629_1316": {
        "time": 0.43808579444885254,
        "moves": 17
      },
      "s210629_1437": "incorrect",
      "s210630_1154": "incorrect",
      "s210630_1608": {
        "time": 0.004721164703369141,
        "moves": 81
      },
      "s210630_1609": {
        "time": 0.9213018417358398,
        "moves": 17
      },
      "s210630_2051": {
        "time": 2.6733572483062744,
        "moves": 17
      },
      "s210701_1005": "timeout",
      "s210702_0746": {
        "time": 0.4978654384613037,
        "moves": 17
      },
      "s210702_1740": {
        "time": 0.3956573009490967,
        "moves": 17
      }
    },
    "56473 59219 99971": {
      "s210629_1103": {
        "time": 0.5731678009033203,
        "moves": 16
      },
      "s210629_1316": {
        "time": 0.32649683952331543,
        "moves": 16
      },
      "s210629_1437": "incorrect",
      "s210630_1154": "incorrect",
      "s210630_1608": {
        "time": 0.006317615509033203,
        "moves": 106
      },
      "s210630_1609": {
        "time": 0.7610740661621094,
        "moves": 16
      },
      "s210630_2051": {
        "time": 1.0829901695251465,
        "moves": 16
      },
      "s210701_1005": "timeout",
      "s210702_0746": {
        "time": 0.30799245834350586,
        "moves": 16
      },
      "s210702_1740": {
        "time": 0.18726611137390137,
        "moves": 16
      }
    },
    "99995 99997 99999": {
      "s210629_1103": {
        "time": 0.1523914337158203,
        "moves": 18
      },
      "s210629_1316": {
        "time": 0.13997793197631836,
        "moves": 18
      },
      "s210629_1437": "incorrect",
      "s210630_1154": "incorrect",
      "s210630_1608": {
        "time": 0.004438638687133789,
        "moves": 35
      },
      "s210630_1609": {
        "time": 0.4165511131286621,
        "moves": 18
      },
      "s210630_2051": "timeout",
      "s210701_1005": "timeout",