{
  "solutions": {
    "20210629_1103": "solutions/mnk/20210629_1103.cpp",
    "20210629_1316": "solutions/mnk/20210629_1316.cpp",
    "20210629_1437": "solutions/mnk/20210629_1437.cpp",
    "20210630_1608": "solutions/mnk/20210630_1608.cpp",
    "20210630_1609": "solutions/mnk/20210630_1609.cpp",
    "20210630_2051": "solutions/mnk/20210630_2051.cpp"
  },
  "report": {
    "1 2 3": {
      "20210629_1103": {
        "time": 0.0038449764251708984,
        "moves": 2
      },
      "20210629_1316": {
        "time": 0.06522917747497559,
        "moves": 2
      },
      "20210629_1437": {
        "time": 0.004054069519042969,
        "moves": 4
      },
      "20210630_1608": {
        "time": 0.0032913684844970703,
        "moves": 2
      },
      "20210630_1609": {
        "time": 0.01306605339050293,
        "moves": 2
      },
      "20210630_2051": {
        "time": 0.00410771369934082,
        "moves": 2
      }
    },
    "12453 24906 37359": {
      "20210629_1103": {
        "time": 0.0040950775146484375,
        "moves": 2
      },
      "20210629_1316": {
        "time": 0.07704782485961914,
        "moves": 2
      },
      "20210629_1437": {
        "time": 0.0019102096557617188,
        "moves": 4
      },
      "20210630_1608": {
        "time": 0.0017313957214355469,
        "moves": 2
      },
      "20210630_1609": {
        "time": 0.005201578140258789,
        "moves": 2
      },
      "20210630_2051": {
        "time": 0.001613616943359375,
        "moves": 2
      }
    },
    "1 2 4": {
      "20210629_1103": {
        "time": 0.001749277114868164,
        "moves": 2
      },
      "20210629_1316": {
        "time": 0.06432056427001953,
        "moves": 2
      },
      "20210629_1437": {
        "time": 0.0023458003997802734,
        "moves": 3
      },
      "20210630_1608": {
        "time": 0.003874063491821289,
        "moves": 2
      },
      "20210630_1609": {
        "time": 0.012627363204956055,
        "moves": 2
      },
      "20210630_2051": {
        "time": 0.0042171478271484375,
        "moves": 2
      }
    },
    "72 101 103": {
      "20210629_1103": {
        "time": 0.0030159950256347656,
        "moves": 6
      },
      "20210629_1316": {
        "time": 0.07768106460571289,
        "moves": 6
      },
      "20210629_1437": {
        "time": 0.0017457008361816406,
        "moves": 126
      },
      "20210630_1608": {
        "time": 0.0019009113311767578,
        "moves": 12
      },
      "20210630_1609": {
        "time": 0.013043642044067383,
        "moves": 6
      },
      "20210630_2051": {
        "time": 0.0020723342895507812,
        "moves": 6
      }
    },
    "1 1024 2048": {
      "20210629_1103": {
        "time": 0.0032515525817871094,
        "moves": 11
      },
      "20210629_1316": {
        "time": 0.06462526321411133,
        "moves": 11
      },
      "20210629_1437": {
        "time": 0.010034799575805664,
        "moves": 6181
      },
      "20210630_1608": {
        "time": 0.001750946044921875,
        "moves": 11
      },
      "20210630_1609": {
        "time": 0.011237859725952148,
        "moves": 11
      },
      "20210630_2051": {
        "time": 0.012463569641113281,
        "moves": 11
      }
    },
    "22222 33333 88888": {
      "20210629_1103": {
        "time": 0.002300262451171875,
        "moves": 3
      },
      "20210629_1316": {
        "time": 0.07557201385498047,
        "moves": 3
      },
      "20210629_1437": {
        "time": 0.0019311904907226562,
        "moves": 10
      },
      "20210630_1608": {
        "time": 0.0025191307067871094,
        "moves": 4
      },
      "20210630_1609": {
        "time": 0.009179115295410156,
        "moves": 3
      },
      "20210630_2051": {
        "time": 0.0020308494567871094,
        "moves": 3
      }
    },
    "15678 23144 99001": {
      "20210629_1103": {
        "time": 0.8506481647491455,
        "moves": 17
      },
      "20210629_1316": {
        "time": 0.43562960624694824,
        "moves": 17
      },
      "20210629_1437": "incorrect",
      "20210630_1608": {
        "time": 0.0056302547454833984,
        "moves": 81
      },
      "20210630_1609": {
        "time": 0.9150934219360352,
        "moves": 17
      },
      "20210630_2051": {
        "time": 2.6636555194854736,
        "moves": 17
      }
    },
    "56473 59219 99971": {
      "20210629_1103": {
        "time": 0.5676016807556152,
        "moves": 16
      },
      "20210629_1316": {
        "time": 0.31546568870544434,
        "moves": 16
      },
      "20210629_1437": "incorrect",
      "20210630_1608": {
        "time": 0.003562450408935547,
        "moves": 106
      },
      "20210630_1609": {
        "time": 0.7456459999084473,
        "moves": 16
      },
      "20210630_2051": {
        "time": 1.071833610534668,
        "moves": 16
      }
    },
    "99995 99997 99999": {
      "20210629_1103": {
        "time": 0.1393880844116211,
        "moves": 18
      },
      "20210629_1316": {
        "time": 0.1513369083404541,
        "moves": 18
      },
      "20210629_1437": "incorrect",
      "20210630_1608": {
        "time": 0.0050275325775146484,
        "moves": 35
      },
      "20210630_1609": {
        "time": 0.4260125160217285,
        "moves": 18
      },
      "20210630_2051": "timeout"
    },
    "22222 33322 99031": {
      "20210629_1103": {
        "time": 1.1118381023406982,
        "moves": 17
      },
      "20210629_1316": {
        "time": 0.5859971046447754,
        "moves": 17
      },
      "20210629_1437": "incorrect",
      "20210630_1608": {
        "time": 0.0041904449462890625,
        "moves": 74
      },
      "20210630_1609": {
        "time": 1.1808216571807861,
        "moves": 17
      },
      "20210630_2051": {
        "time": 3.4763684272766113,
        "moves": 17
      }
    },
    "23152 42414 89111": {
      "20210629_1103": {
        "time": 0.1940932273864746,
        "moves": 15
      },
      "20210629_1316": {
        "time": 0.16530990600585938,
        "moves": 15
      },
      "20210629_1437": "incorrect",
      "20210630_1608": {
        "time": 0.004868268966674805,
        "moves": 55
      },
      "20210630_1609": {
        "time": 0.2645549774169922,
        "moves": 15
      },
      "20210630_2051": {
        "time": 0.41051769256591797,
        "moves": 15
      }
    }
  }
}